	PatID	Archaea
SRR5944959	SP09	0
SRR5944960	ST10	0
SRR5944961	ST10	1
SRR5944962	ST10	0
SRR5944963	ST10	0
SRR5944964	ST10	0
SRR5944965	ST10	0
SRR5944966	ST10	0
SRR5944967	ST10	0
SRR5944969	ST10	0
SRR5944970	SP09	0
SRR5944971	SP06	0
SRR5944972	ST10	0
SRR5944973	ST10	0
SRR5944976	ST10	0
SRR5944977	ST10	0
SRR5944978	ST10	0
SRR5944979	ST10	0
SRR5944980	ST10	0
SRR5944981	ST10	0
SRR5944982	SP04	0
SRR5944983	SP04	0
SRR5944984	SP02	0
SRR5944985	SP02	1
SRR5944986	SP05	0
SRR5944987	SP05	0
SRR5944988	SP04	0
SRR5944989	SP04	0
SRR5944990	SP02	0
SRR5944991	SP04	0
SRR5944994	ST10	0
SRR5944995	ST10	0
SRR5944996	ST10	0
SRR5944997	ST10	0
SRR5944998	ST10	0
SRR5944999	ST10	0
SRR5945000	ST10	0
SRR5945001	ST10	0
SRR5945002	SP09	0
SRR5945003	SP06	0
SRR5945004	SP05	0
SRR5945005	SP05	0
SRR5945006	SP02	0
SRR5945007	SP02	0
SRR5945008	SP04	0
SRR5945009	SP04	0
SRR5945010	SP04	0
SRR5945011	SP04	0
SRR5945012	SP05	0
SRR5945013	SP05	0
SRR5945014	SP06	0
SRR5945016	SP06	0
SRR5945018	SP06	0
SRR5945019	SP06	0
SRR5945020	SP04	0
SRR5945023	SP01	0
SRR5945024	SP01	0
SRR5945025	SP01	0
SRR5945026	SP01	0
SRR5945027	SP01	0
SRR5945028	SP01	0
SRR5945029	SP01	0
SRR5945030	SP01	0
SRR5945032	SP06	0
SRR5945033	SP01	0
SRR5945034	SP01	0
SRR5945036	SP05	0
SRR5945037	SP02	0
SRR5945038	SP05	0
SRR5945039	SP05	0
SRR5945040	SP05	0
SRR5945041	SP02	0
SRR5945042	SP02	0
SRR5945043	SP04	0
SRR5945044	SP04	0
SRR5945045	SP04	0
SRR5945046	SP02	1
SRR5945047	SP04	0
SRR5945048	SP06	0
SRR5945049	SP06	0
SRR5945052	SP01	0
SRR5945053	SP01	0
SRR5945056	SP01	0
SRR5945057	SP01	0
SRR5945060	SP06	0
SRR5945061	SP04	0
SRR5945062	SP05	0
SRR5945063	SP05	0
SRR5945064	SP04	0
SRR5945065	SP04	0
SRR5945066	SP04	0
SRR5945067	SP02	0
SRR5945068	SP02	0
SRR5945069	SP05	0
SRR5945070	SP06	0
SRR5945071	SP04	0
SRR5945072	SP02	0
SRR5945073	SP06	0
SRR5945074	SP09	0
SRR5945075	SP07	0
SRR5945076	SP09	0
SRR5945077	SP09	0
SRR5945078	SP09	1
SRR5945079	SP09	0
SRR5945080	SP09	0
SRR5945081	SP09	0
SRR5945082	SP09	0
SRR5945083	SP09	0
SRR5945086	SP06	1
SRR5945087	SP06	0
SRR5945092	SP06	1
SRR5945093	SP06	0
SRR5945094	SP04	0
SRR5945095	SP04	0
SRR5945096	SP04	0
SRR5945097	SP04	0
SRR5945098	SP05	0
SRR5945099	SP05	0
SRR5945100	SP02	0
SRR5945101	SP02	0
SRR5945102	SP02	0
SRR5945103	SP02	0
SRR5945104	SP07	0
SRR5945105	SP07	0
SRR5945106	SP09	0
SRR5945107	SP09	0
SRR5945108	SP07	0
SRR5945109	SP07	0
SRR5945110	SP07	0
SRR5945111	SP07	0
SRR5945112	SP07	0
SRR5945113	SP07	0
SRR5945114	SP07	0
SRR5945115	SP07	0
SRR5945116	SP09	0
SRR5945117	SP09	0
SRR5945118	SP09	0
SRR5945119	SP05	0
SRR5945120	SP05	0
SRR5945121	SP05	0
SRR5945122	SP05	0
SRR5945125	SP01	0
SRR5945126	SP01	0
SRR5945130	SP06	0
SRR5945131	ST10	0
SRR5945132	ST10	0
SRR5945133	SP06	0
SRR5945134	ST10	0
SRR5945135	ST10	0
SRR5945136	ST10	0
SRR5945137	ST10	0
SRR5945138	ST10	1
SRR5945139	ST10	0
SRR5945140	ST10	0
SRR5945141	ST10	0
SRR5945142	SP06	0
SRR5970581	ST06	0
SRR5970582	ST06	0
SRR5970583	ST06	0
SRR5970584	ST20	0
SRR5970585	ST20	1
SRR5970586	ST28	0
SRR5970587	ST28	0
SRR5970588	ST28	0
SRR5970589	ST06	0
SRR5970590	ST06	1
SRR5970591	ST06	0
SRR5970592	ST06	0
SRR5970593	ST20	0
SRR5970594	ST20	0
SRR5970595	ST20	0
SRR5970596	ST28	0
SRR5970597	ST28	0
SRR5970598	ST28	0
SRR5970599	ST06	0
SRR5970600	ST06	0
SRR5970601	ST20	1
SRR5970602	ST20	0
SRR5970603	ST20	0
SRR5970604	ST28	0
SRR5970605	ST28	1
SRR5970606	ST28	0
SRR5970607	ST06	0
SRR5970608	ST06	0
SRR5970609	ST20	0
SRR5970610	ST20	1
SRR5970611	ST20	1
SRR5970612	ST20	0
SRR5970613	ST28	0
SRR5970614	ST06	0
SRR5970615	ST20	1
SRR5970616	ST20	0
SRR5970617	ST20	1
SRR5970618	ST20	0
SRR5970619	ST28	0
SRR5970620	ST28	1
SRR5970622	ST06	0
SRR5970623	ST06	0
SRR5970624	ST20	0
SRR5970625	ST20	0
SRR5970626	ST28	1
SRR5970627	ST28	0
SRR5970628	ST28	0
SRR5970630	ST20	1
SRR5970631	ST20	0
SRR5970632	ST28	0
SRR5970633	ST28	1
SRR5970634	ST28	1
SRR5970636	ST06	0
SRR5970637	ST06	0
SRR5970638	ST20	0
SRR5970639	ST20	0
SRR5970640	ST28	0
SRR5970641	ST28	0
SRR5970643	ST02	0
SRR5970644	ST02	0
SRR5970645	ST02	0
SRR5970646	ST01	1
SRR5970647	ST01	0
SRR5970648	SP08	0
SRR5970649	SP08	0
SRR5970650	ST07	1
SRR5970651	ST07	0
SRR5970652	ST21	0
SRR5970653	ST21	0
SRR5970654	ST02	0
SRR5970655	ST02	0
SRR5970656	ST02	0
SRR5970657	ST01	0
SRR5970658	ST01	1
SRR5970659	SP08	0
SRR5970660	SP08	0
SRR5970661	ST07	0
SRR5970662	ST07	0
SRR5970663	ST21	0
SRR5970664	ST21	0
SRR5970665	ST02	0
SRR5970666	ST02	0
SRR5970667	ST02	1
SRR5970668	ST01	0
SRR5970669	ST01	0
SRR5970670	SP08	0
SRR5970671	SP08	0
SRR5970672	ST07	0
SRR5970673	ST07	0
SRR5970674	ST21	0
SRR5970675	ST21	0
SRR5970676	ST02	0
SRR5970677	ST02	0
SRR5970678	ST02	0
SRR5970679	ST01	0
SRR5970680	ST01	0
SRR5970681	SP08	0
SRR5970682	SP08	0
SRR5970683	ST07	0
SRR5970684	ST07	0
SRR5970685	ST21	0
SRR5970686	ST21	1
SRR5970687	ST02	0
SRR5970688	ST02	0
SRR5970689	ST02	1
SRR5970690	ST01	0
SRR5970691	ST01	0
SRR5970692	SP08	0
SRR5970693	SP08	1
SRR5970694	ST07	0
SRR5970695	ST07	0
SRR5970696	ST21	0
SRR5970698	ST02	0
SRR5970699	ST02	0
SRR5970700	ST01	0
SRR5970701	ST01	0
SRR5970702	ST01	0
SRR5970703	SP08	0
SRR5970704	SP08	1
SRR5970705	ST07	0
SRR5970706	ST07	0
SRR5970707	ST21	0
SRR5970709	ST02	0
SRR5970710	ST02	0
SRR5970711	ST01	1
SRR5970712	ST01	0
SRR5970713	SP08	0
SRR5970714	SP08	0
SRR5970715	ST07	0
SRR5970716	ST07	0
SRR5970717	ST21	0
SRR5970719	ST02	0
SRR5970720	ST02	0
SRR5970721	ST01	0
SRR5970722	ST01	0
SRR5970723	ST01	0
SRR5970724	SP08	0
SRR5970725	SP08	1
SRR5970726	ST07	0
SRR5970727	ST21	0
SRR5970728	ST21	0
SRR5970730	ST21	0
SRR5970731	ST15	0
SRR5970732	ST16	0
SRR5970733	ST16	0
SRR5970734	ST17	0
SRR5970735	ST17	0
SRR5970736	ST18	0
SRR5970737	ST22	0
SRR5970738	ST14	0
SRR5970739	ST19	0
SRR5970740	ST21	0
SRR5970741	ST15	1
SRR5970742	ST16	0
SRR5970743	ST16	0
SRR5970744	ST17	1
SRR5970745	ST17	0
SRR5970746	ST18	0
SRR5970747	ST22	0
SRR5970748	ST14	0
SRR5970749	ST19	0
SRR5970750	ST21	0
SRR5970751	ST15	0
SRR5970752	ST16	0
SRR5970753	ST16	1
SRR5970754	ST17	0
SRR5970755	ST18	0
SRR5970756	ST18	0
SRR5970757	ST22	0
SRR5970758	ST14	1
SRR5970759	ST19	0
SRR5970760	ST15	0
SRR5970761	ST15	0
SRR5970762	ST16	0
SRR5970763	ST16	0
SRR5970764	ST17	0
SRR5970765	ST18	0
SRR5970766	ST18	0
SRR5970767	ST22	0
SRR5970768	ST14	0
SRR5970769	ST19	0
SRR5970770	ST15	0
SRR5970771	ST15	0
SRR5970772	ST16	0
SRR5970773	ST16	0
SRR5970774	ST17	0
SRR5970775	ST18	0
SRR5970776	ST18	0
SRR5970777	ST22	0
SRR5970778	ST19	0
SRR5970779	ST19	0
SRR5970781	ST15	1
SRR5970782	ST15	0
SRR5970783	ST16	0
SRR5970784	ST16	0
SRR5970785	ST17	0
SRR5970786	ST18	0
SRR5970787	ST18	0
SRR5970788	ST22	0
SRR5970789	ST19	0
SRR5970790	ST19	0
SRR5970792	ST15	0
SRR5970793	ST15	0
SRR5970794	ST16	0
SRR5970795	ST17	0
SRR5970796	ST17	0
SRR5970797	ST18	0
SRR5970798	ST22	0
SRR5970799	ST22	0
SRR5970800	ST19	0
SRR5970802	ST15	0
SRR5970803	ST16	0
SRR5970804	ST16	1
SRR5970805	ST17	0
SRR5970806	ST17	0
SRR5970807	ST18	0
SRR5970808	ST22	0
SRR5970809	ST14	0
SRR5970810	ST19	0
SRR5970841	ST25	0
SRR5970842	ST07	0
SRR5970843	ST21	0
SRR5970844	ST03	0
SRR5970845	ST09	0
SRR5970846	ST03	0
SRR5970847	ST11	0
SRR5970848	ST13	0
SRR5970849	ST30	0
SRR5970850	ST30	0
SRR5970851	ST23	0
SRR5970852	ST13	0
SRR5970853	ST08	0
SRR5970854	ST04	0
SRR5970855	ST04	0
SRR5970856	ST21	0
SRR5970857	SP08	0
SRR5970858	ST11	0
SRR5970859	ST08	0
SRR5970860	ST30	0
SRR5970861	ST05	0
SRR5970862	ST09	0
SRR5970863	ST05	0
SRR5970864	ST13	0
SRR5970865	ST18	0
SRR5970866	SP03	0
SRR5970867	ST21	0
SRR5970868	ST13	0
SRR5970869	ST25	0
SRR5970870	ST27	0
SRR5970871	ST18	0
SRR5970872	ST19	0
SRR5970873	ST05	0
SRR5970874	ST05	0
SRR5970875	ST15	0
SRR5970876	ST27	0
SRR5970877	ST30	0
SRR5970878	ST23	0
SRR5970879	ST17	0
SRR5970880	SP08	0
SRR5970881	ST04	0
SRR5970882	ST05	0
SRR5970883	SP03	0
SRR5970884	ST07	0
SRR5970885	ST04	0
SRR5970886	ST03	0
SRR5970887	ST05	0
SRR5970888	ST30	0
SRR5970889	ST19	0
SRR5970890	ST25	0
SRR5970891	ST23	0
SRR5970892	ST15	0
SRR5970893	ST05	0
SRR5970894	ST01	0
SRR5970895	ST24	0
SRR5970896	ST30	0
SRR5970898	ST26	0
SRR5970899	ST08	0
SRR5970900	ST29	1
SRR5970901	ST26	0
SRR5970902	ST04	0
SRR5970903	ST29	0
SRR5970904	ST04	0
SRR5970905	ST25	0
SRR5970906	ST03	0
SRR5970907	ST05	0
SRR5970908	ST05	0
SRR5970910	ST26	0
SRR5970911	ST11	0
SRR5970912	ST05	0
SRR5970913	ST17	0
SRR5970914	ST05	0
SRR5970915	ST23	0
SRR5970916	ST13	0
SRR5970917	SP03	0
SRR5970918	ST12	0
SRR5970920	ST05	0
SRR5970921	ST23	0
SRR5970922	ST03	0
SRR5970923	ST28	0
SRR5970924	ST27	0
SRR5970925	ST04	0
SRR5970926	ST25	0
SRR5970927	ST03	0
SRR5970929	ST04	0
SRR5970930	ST25	0
SRR5970931	ST03	0
SRR5970932	ST25	0
SRR5970933	ST24	0
SRR5970934	SP03	0
SRR5970935	ST15	0
SRR5970936	ST05	0
SRR5970937	ST09	0
SRR5970938	ST27	0
SRR5970939	ST04	0
SRR5970940	ST30	0
SRR5970941	ST16	0
SRR5970942	ST04	0
SRR5970943	ST23	0
SRR5970944	ST25	0
SRR5970945	ST07	0
SRR5970946	ST24	0
SRR5970947	ST14	0
SRR5970948	ST08	0
SRR5970949	ST16	0
SRR5970950	ST21	0
SRR5970951	ST25	0
SRR5970952	ST09	0
SRR5970953	ST09	0
SRR5970954	ST03	0
SRR5970955	ST05	0
SRR5970956	ST16	0
SRR5970957	ST21	0
SRR5970958	ST15	0
SRR5970959	ST19	0
SRR5970960	ST05	0
SRR5970961	ST30	0
SRR5970962	ST14	0
SRR5970963	ST05	0
SRR5970964	SP03	0
SRR5970965	ST30	0
SRR5970966	ST05	0
SRR5970967	ST05	0
SRR5970968	ST14	0
SRR5970969	ST30	0
SRR5970970	ST25	0
SRR5970971	ST15	0
SRR5970972	ST12	0
SRR5970973	ST19	0
SRR5970974	ST16	0
SRR5970975	ST25	0
SRR5970976	ST05	0
SRR5970977	ST13	0
SRR5970978	ST13	0
SRR5970979	SP08	0
SRR5970980	ST12	0
SRR5970981	ST07	0
SRR5970982	ST04	0
SRR5970983	ST11	0
SRR5970984	ST11	0
SRR5970985	ST11	0
SRR5970987	ST05	0
SRR5970988	ST03	0
SRR5970989	ST04	0
SRR5970990	ST12	0
SRR5970991	ST05	0
SRR5970992	ST03	0
SRR5970993	ST18	0
SRR5970994	ST26	0
SRR5970995	ST08	0
SRR5970997	ST09	0
SRR5970998	ST05	0
SRR5970999	ST12	0
SRR5971000	ST19	0
SRR5971001	ST28	1
SRR5971002	ST23	0
SRR5971003	ST19	0
SRR5971004	ST03	0
SRR5971005	ST27	0
SRR5971007	SP03	0
SRR5971008	ST12	1
SRR5971009	SP03	0
SRR5971010	ST30	0
SRR5971011	ST17	0
SRR5971012	ST03	0
SRR5971013	ST07	0
SRR5971014	ST17	0
SRR5971015	ST05	0
SRR5971016	ST23	1
SRR5971018	ST24	0
SRR5971019	ST09	1
SRR5971020	ST05	0
SRR5971021	ST17	0
SRR5971022	ST22	0
SRR5971023	ST07	0
SRR5971024	ST28	0
SRR5971025	ST25	0
SRR5971026	SP08	0
SRR5971027	ST16	0
SRR5971028	ST18	0
SRR5971029	ST15	0
SRR5971030	ST26	0
SRR5971031	SP03	0
SRR5971032	SP08	0
SRR5971033	ST03	0
SRR5971034	ST30	1
SRR5971035	ST11	0
SRR5971036	ST27	0
SRR5971037	ST03	0
SRR5971038	ST05	0
SRR5971039	SP08	0
SRR5971040	ST30	0
SRR5971041	ST04	0
SRR5971042	ST28	1
SRR5971043	ST18	0
SRR5971044	ST13	0
SRR5971045	ST13	0
SRR5971046	ST17	1
SRR5971047	ST23	0
SRR5971048	ST09	0
SRR5971049	ST21	0
SRR5971050	ST23	0
SRR5971051	ST30	0
SRR5971052	ST21	1
SRR5971053	ST26	0
SRR5971054	ST08	0
SRR5971055	ST24	0
SRR5971056	ST18	0
SRR5971057	ST19	0
SRR5971058	ST25	0
SRR5971059	ST13	0
SRR5971060	ST15	0
SRR5971061	ST19	0
SRR5971062	ST22	0
SRR5971063	ST29	0
SRR5971064	ST27	1
SRR5971065	ST22	0
SRR5971066	ST25	0
SRR5971067	ST14	0
SRR5971068	ST17	0
SRR5971069	ST13	0
SRR5971070	ST29	0
SRR5971071	ST03	0
SRR5971072	ST28	1
SRR5971073	ST23	0
SRR5971075	ST27	0
SRR5971076	ST01	1
SRR5971077	ST09	0
SRR5971078	ST18	0
SRR5971079	ST23	0
SRR5971080	ST26	0
SRR5971081	ST03	0
SRR5971082	ST08	0
SRR5971083	ST13	0
SRR5971084	ST23	0
SRR5971086	ST18	0
SRR5971087	ST17	0
SRR5971088	ST30	0
SRR5971089	ST16	0
SRR5971090	ST05	1
SRR5971091	SP03	0
SRR5971092	ST22	0
SRR5971093	ST09	0
SRR5971094	ST09	0
SRR5971095	ST04	0
SRR5971097	ST04	0
SRR5971098	ST16	0
SRR5971099	ST11	0
SRR5971100	ST04	1
SRR5971101	ST09	0
SRR5971102	ST16	0
SRR5971103	ST07	0
SRR5971104	ST16	0
SRR5971105	ST29	0
SRR5971106	ST12	1
SRR5971107	ST03	0
SRR5971109	ST04	0
SRR5971110	ST07	0
SRR5971111	ST11	0
SRR5971112	ST08	0
SRR5971113	SP03	0
SRR5971114	ST26	0
SRR5971115	ST08	1
SRR5971116	ST27	1
SRR5971117	ST25	0
SRR5971118	ST05	0
SRR5971119	ST18	0
SRR5971120	ST17	1
SRR5971121	ST21	0
SRR5971122	ST17	0
SRR5971123	ST18	0
SRR5971124	ST09	0
SRR5971125	ST02	0
SRR5971126	ST21	0
SRR5971127	ST19	0
SRR5971128	ST16	1
SRR5971129	ST19	1
SRR5971130	ST29	0
SRR5971131	ST05	0
SRR5971132	ST19	0
SRR5971133	ST21	0
SRR5971134	ST09	0
SRR5971135	ST30	0
SRR5971136	ST04	0
SRR5971137	SP08	0
SRR5971138	ST21	0
SRR5971139	ST23	0
SRR5971140	ST08	0
SRR5971141	ST04	0
SRR5971142	ST08	0
SRR5971143	ST08	0
SRR5971144	ST01	0
SRR5971145	ST18	0
SRR5971146	ST11	0
SRR5971147	ST30	0
SRR5971148	ST26	0
SRR5971149	ST03	0
SRR5971150	ST30	0
SRR5971151	ST24	1
SRR5971152	ST16	0
SRR5971153	ST17	0
SRR5971154	ST22	0
SRR5971155	ST17	0
SRR5971156	ST07	0
SRR5971157	ST05	0
SRR5971158	ST18	0
SRR5971159	ST18	0
SRR5971160	ST16	0
SRR5971162	ST08	0
SRR5971163	ST01	0
SRR5971164	ST15	0
SRR5971165	ST20	1
SRR5971166	ST30	0
SRR5971167	ST04	1
SRR5971168	ST21	0
SRR5971169	ST25	0
SRR5971170	ST13	0
SRR5971171	ST11	0
SRR5971173	ST25	0
SRR5971174	ST07	0
SRR5971175	ST24	0
SRR5971176	ST04	0
SRR5971177	ST13	0
SRR5971178	ST09	0
SRR5971179	ST18	0
SRR5971180	ST26	0
SRR5971181	ST29	0
SRR5971182	ST30	0
SRR5971184	ST15	0
SRR5971185	ST19	0
SRR5971186	ST01	0
SRR5971187	ST07	0
SRR5971188	ST23	0
SRR5971189	ST11	0
SRR5971190	ST11	0
SRR5971191	ST03	0
SRR5971192	ST22	0
SRR5971193	ST17	0
SRR5971195	ST22	0
SRR5971196	ST08	0
SRR5971197	ST22	0
SRR5971198	ST23	0
SRR5971199	ST29	0
SRR5971200	ST27	0
SRR5971201	ST12	0
SRR5971202	ST13	0
SRR5971203	ST17	0
SRR5971204	ST13	0
SRR5971205	ST16	0
SRR5971206	ST05	0
SRR5971207	ST27	0
SRR5971208	ST03	0
SRR5971209	ST09	0
SRR5971210	ST22	0
SRR5971211	ST29	0
SRR5971212	ST16	0
SRR5971213	ST13	0
SRR5971214	ST30	0
SRR5971215	ST11	0
SRR5971216	ST23	0
SRR5971217	ST26	0
SRR5971218	ST18	0
SRR5971219	ST11	0
SRR5971220	ST26	0
SRR5971221	ST04	0
SRR5971222	SP03	0
SRR5971223	ST27	0
SRR5971224	SP08	0
SRR5971225	ST14	0
SRR5971226	ST09	0
SRR5971227	ST05	0
SRR5971228	ST03	0
SRR5971230	ST09	0
SRR5971231	ST04	1
SRR5971232	ST19	0
SRR5971233	ST04	1
SRR5971234	ST29	0
SRR5971235	ST18	0
SRR5971236	ST23	0
SRR5971238	ST12	0
SRR5971239	ST19	0
SRR5971240	ST09	0
SRR5971242	ST08	0
SRR5971243	ST26	0
SRR5971244	ST05	0
SRR5971245	ST13	0
SRR5971246	ST03	0
SRR5971248	UP18	0
SRR5971249	UP18	0
SRR5971250	UP17	0
SRR5971251	UP06	0
SRR5971252	UP25	1
SRR5971253	UP40	1
SRR5971254	UP34	0
SRR5971255	UP28	0
SRR5971256	UP16	1
SRR5971257	UP09	0
SRR5971258	UP18	0
SRR5971259	UP18	0
SRR5971260	UP17	0
SRR5971261	UP06	1
SRR5971262	UP32	0
SRR5971263	UP25	0
SRR5971264	UP36	0
SRR5971265	UP34	1
SRR5971266	UP17	0
SRR5971267	UP16	0
SRR5971268	UP09	0
SRR5971269	UP18	1
SRR5971270	UP17	0
SRR5971271	UP17	1
SRR5971272	UP06	0
SRR5971273	UP32	0
SRR5971274	UP25	0
SRR5971275	UP40	0
SRR5971276	UP36	0
SRR5971277	UP34	1
SRR5971278	UP13	0
SRR5971279	UP16	0
SRR5971280	UP09	0
SRR5971281	UP18	1
SRR5971282	UP17	1
SRR5971283	UP13	0
SRR5971284	UP16	0
SRR5971285	UP32	0
SRR5971286	UP25	0
SRR5971287	UP40	0
SRR5971288	UP36	1
SRR5971289	UP28	0
SRR5971290	UP13	0
SRR5971291	UP16	1
SRR5971292	UP09	0
SRR5971293	UP18	0
SRR5971294	UP17	0
SRR5971295	UP13	0
SRR5971296	UP16	1
SRR5971297	UP31	0
SRR5971298	UP07	0
SRR5971299	UP40	1
SRR5971300	UP36	1
SRR5971301	UP28	0
SRR5971302	UP13	1
SRR5971303	UP32	1
SRR5971304	UP18	0
SRR5971305	UP17	0
SRR5971306	UP13	0
SRR5971307	UP04	1
SRR5971308	UP31	0
SRR5971309	UP07	0
SRR5971310	UP40	0
SRR5971311	UP34	0
SRR5971312	UP28	0
SRR5971313	UP16	0
SRR5971314	UP05	0
SRR5971316	UP18	0
SRR5971317	UP17	1
SRR5971318	UP13	0
SRR5971319	UP31	0
SRR5971320	UP07	0
SRR5971321	UP40	0
SRR5971322	UP34	1
SRR5971323	UP28	1
SRR5971324	UP05	1
SRR5971326	UP18	1
SRR5971327	UP17	0
SRR5971328	UP06	0
SRR5971329	UP32	1
SRR5971330	UP31	0
SRR5971331	UP10	0
SRR5971332	UP40	1
SRR5971333	UP34	0
SRR5971334	UP28	1
SRR5971335	UP16	1
SRR5971336	UP05	1
SRR5971338	UP32	0
SRR5971339	UP31	0
SRR5971340	UP07	0
SRR5971341	UP10	0
SRR5971342	UP33	1
SRR5971343	UP33	0
SRR5971344	UP29	0
SRR5971345	UP36	0
SRR5971346	UP08	1
SRR5971347	UP28	1
SRR5971348	UP32	1
SRR5971349	UP31	1
SRR5971350	UP07	0
SRR5971351	UP10	0
SRR5971352	UP33	1
SRR5971353	UP33	1
SRR5971354	UP03	0
SRR5971355	UP36	0
SRR5971356	UP08	1
SRR5971357	UP28	1
SRR5971358	UP32	0
SRR5971359	UP25	0
SRR5971360	UP07	0
SRR5971361	UP10	0
SRR5971362	UP33	1
SRR5971363	UP33	1
SRR5971364	UP03	0
SRR5971365	UP40	0
SRR5971366	UP36	0
SRR5971367	UP08	1
SRR5971368	UP28	0
SRR5971369	UP31	0
SRR5971370	UP25	0
SRR5971371	UP07	0
SRR5971372	UP10	1
SRR5971373	UP33	1
SRR5971374	UP33	1
SRR5971375	UP40	0
SRR5971376	UP40	0
SRR5971377	UP34	0
SRR5971378	UP08	0
SRR5971379	UP28	1
SRR5971380	UP31	0
SRR5971381	UP25	0
SRR5971382	UP07	1
SRR5971383	UP23	0
SRR5971384	UP33	1
SRR5971385	UP33	0
SRR5971386	UP40	1
SRR5971387	UP40	0
SRR5971388	UP34	0
SRR5971389	UP28	0
SRR5971390	UP31	1
SRR5971391	UP25	1
SRR5971392	UP10	0
SRR5971393	UP33	1
SRR5971394	UP29	0
SRR5971395	UP40	1
SRR5971396	UP40	1
SRR5971397	UP34	1
SRR5971398	UP28	0
SRR5971400	UP31	0
SRR5971401	UP25	1
SRR5971402	UP10	0
SRR5971403	UP33	1
SRR5971404	UP33	1
SRR5971405	UP29	0
SRR5971406	UP40	1
SRR5971407	UP40	1
SRR5971408	UP34	1
SRR5971409	UP28	0
SRR5971411	UP31	0
SRR5971412	UP25	1
SRR5971413	UP10	0
SRR5971414	UP33	1
SRR5971415	UP33	1
SRR5971416	UP29	0
SRR5971417	UP40	1
SRR5971418	UP36	1
SRR5971419	UP34	0
SRR5971420	UP28	0
SRR5971422	UT04	0
SRR5971423	UT34	1
SRR5971424	UT34	0
SRR5971425	UT34	0
SRR5971426	UT45	0
SRR5971427	UT01	1
SRR5971428	UP20	0
SRR5971429	UT31	0
SRR5971430	UT51	0
SRR5971431	UT29	0
SRR5971432	UT46	0
SRR5971433	UT30	0
SRR5971434	UT45	0
SRR5971435	UT13	0
SRR5971436	UT45	0
SRR5971437	UT29	0
SRR5971438	UT20	0
SRR5971439	UT38	0
SRR5971440	UT13	0
SRR5971441	UT20	0
SRR5971442	UT46	0
SRR5971443	UT21	0
SRR5971444	UT34	0
SRR5971445	UT01	1
SRR5971446	UT20	0
SRR5971447	UT52	0
SRR5971448	UT30	0
SRR5971449	UT39	0
SRR5971450	UP20	0
SRR5971451	UT35	0
SRR5971452	UT13	0
SRR5971453	UT20	0
SRR5971454	UT35	0
SRR5971455	UT34	0
SRR5971456	UT42	0
SRR5971457	UT01	0
SRR5971458	UT45	0
SRR5971459	UT29	0
SRR5971460	UT39	0
SRR5971461	UT38	0
SRR5971462	UT31	0
SRR5971463	UT01	0
SRR5971464	UT34	1
SRR5971465	UT53	1
SRR5971466	UT01	1
SRR5971467	UT29	0
SRR5971468	UT45	1
SRR5971469	UT34	0
SRR5971470	UT46	0
SRR5971471	UT01	0
SRR5971472	UT21	0
SRR5971473	UP21	0
SRR5971474	UP30	0
SRR5971475	UT42	1
SRR5971476	UT46	0
SRR5971477	UT52	0
SRR5971478	UT45	0
SRR5971479	UT45	0
SRR5971480	UT45	0
SRR5971481	UT45	0
SRR5971482	UT01	1
SRR5971483	UT32	0
SRR5971484	UP30	0
SRR5971485	UT30	0
SRR5971486	UT51	0
SRR5971487	UT12	0
SRR5971488	UT35	1
SRR5971490	UT01	0
SRR5971491	UT29	0
SRR5971492	UT29	0
SRR5971493	UT45	0
SRR5971494	UT35	0
SRR5971495	UT31	0
SRR5971496	UT30	0
SRR5971497	UT05	0
SRR5971498	UP20	0
SRR5971499	UT13	0
SRR5971500	UT42	0
SRR5971502	UT29	0
SRR5971503	UT34	0
SRR5971504	UT29	0
SRR5971505	UT34	0
SRR5971506	UT21	0
SRR5971507	UT21	0
SRR5971508	UT23	0
SRR5971509	UP37	0
SRR5971510	UT20	0
SRR5971511	UT35	0
SRR5971513	UT52	1
SRR5971514	UT42	0
SRR5971515	UT46	0
SRR5971516	UT13	0
SRR5971517	UT46	0
SRR5971518	UT46	0
SRR5971519	UP21	0
SRR5971520	UT45	0
SRR5971521	UT31	0
SRR5971522	UT31	0
SRR5971523	UT23	0
SRR5971524	UT12	1
SRR5971525	UT01	1
SRR5971526	UT42	0
SRR5971527	UT13	0
SRR5971528	UT46	1
SRR5971529	UT29	0
SRR5971530	UT20	0
SRR5971531	UT52	1
SRR5971532	UT51	0
SRR5971533	UT23	0
SRR5971534	UT42	0
SRR5971535	UT05	0
SRR5971536	UT52	1
SRR5971537	UT01	1
SRR5971538	UT34	0
SRR5971539	UT42	0
SRR5971540	UT52	1
SRR5971541	UT51	0
SRR5971542	UT42	0
SRR5971543	UP41	0
SRR5971544	UT51	0
SRR5971545	UT24	0
SRR5971546	UT53	1
SRR5971547	UT01	1
SRR5971548	UT34	0
SRR5971549	UT46	0
SRR5971550	UT34	0
SRR5971551	UT43	0
SRR5971552	UT20	0
SRR5971553	UT23	0
SRR5971554	UT51	0
SRR5971555	UP20	0
SRR5971556	UT53	0
SRR5971557	UT52	1
SRR5971558	UT01	0
SRR5971559	UT42	0
SRR5971560	UT01	0
SRR5971561	UT43	0
SRR5971562	UT13	0
SRR5971563	UT24	0
SRR5971564	UP20	1
SRR5971565	UT38	0
SRR5971566	UP41	0
SRR5971567	UT23	0
SRR5971568	UT05	0
SRR5971569	UT34	0
SRR5971570	UT01	0
SRR5971571	UT24	0
SRR5971572	UT46	0
SRR5971573	UT01	1
SRR5971574	UT20	0
SRR5971575	UT53	0
SRR5971576	UP21	0
SRR5971577	UP21	0
SRR5971578	UT38	0
SRR5971579	UT38	0
SRR5971581	UT52	0
SRR5971582	UT52	0
SRR5971583	UT34	0
SRR5971584	UT46	1
SRR5971585	UT35	1
SRR5971586	UT43	0
SRR5971587	UT20	0
SRR5971588	UT23	0
SRR5971589	UT23	0
SRR5971590	UT31	0
SRR5971591	UT23	1
SRR5971593	UT46	1
SRR5971594	UT46	0
SRR5971595	UT24	0
SRR5971596	UT42	0
SRR5971597	UT20	0
SRR5971598	UT24	0
SRR5971599	UT05	1
SRR5971600	UT38	0
SRR5971601	UP20	0
SRR5971602	UT43	1
SRR5971604	UP41	1
SRR5971605	UT53	1
SRR5971606	UT12	0
SRR5971607	UP41	0
SRR5971608	UT12	0
SRR5971609	UT31	0
SRR5971610	UT53	0
SRR5971611	UT12	1
SRR5971612	UT13	1
SRR5971613	UP20	0
SRR5971614	UT12	1
SRR5971615	UT12	0
SRR5971616	UT53	1
SRR5971617	UT42	0
SRR5971618	UT51	0
SRR5971619	UT53	1
SRR5971620	UT13	1
SRR5971621	UT12	0
SRR5971622	UT46	0
SRR5971623	UT53	0
SRR5971624	UT12	0
SRR5971625	UT31	0
SRR5971626	UT24	0
SRR5971627	UT31	0
SRR5971628	UT31	0
SRR5971629	UT43	0
SRR5971630	UT51	0
SRR5971631	UT51	1
SRR5971632	UP41	0
SRR5971633	UP20	0
SRR5971634	UT38	0
SRR5971635	UT13	1
SRR5971636	UT53	1
SRR5971637	UT53	0
SRR5971638	UT05	0
SRR5971639	UT31	0
SRR5971640	UT42	0
SRR5971641	UT34	0
SRR5971642	UT51	0
SRR5971643	UT12	0
SRR5971644	UT38	1
SRR5971645	UT38	0
SRR5971646	UT13	0
SRR5971647	UT43	0
SRR5971648	UP21	0
SRR5971649	UT31	0
SRR5971650	UT53	0
SRR5971651	UT05	0
SRR5971652	UT42	0
SRR5971653	UT35	1
SRR5971654	UT31	0
SRR5971655	UT46	0
SRR5971656	UT05	0
SRR5971657	UT38	0
SRR5971658	UT12	0
SRR5971659	UT20	0
SRR5971660	UT05	0
SRR5971661	UT38	0
SRR5971662	UT43	0
SRR5971663	UT23	0
SRR5971664	UT51	0
SRR5971665	UT52	0
SRR5971666	UT53	0
SRR5971667	UT43	0
SRR5971668	UT05	0
SRR5971669	UT46	0
SRR5971670	UT53	1
SRR5971671	UT51	0
SRR5971673	UT05	1
SRR5971674	UP20	0
SRR5971675	UT23	1
SRR5971676	UT05	0
SRR5971677	UT52	1
SRR5971678	UT05	0
SRR5971679	UT23	0
SRR5971680	UT20	0
SRR5971681	UT38	0
SRR5971682	UT13	0
SRR5971683	UP41	0
SRR5971685	UT05	1
SRR5971686	UT51	0
SRR5971687	UT42	0
SRR5971688	UT43	1
SRR5971689	UT12	1
SRR5971690	UT53	1
SRR5971691	UT21	0
SRR5971692	UT31	1
SRR5971693	UT20	0
SRR5971694	UT12	0
SRR5971695	UT23	0
SRR5971697	UP14	0
SRR5971698	UT04	0
SRR5971699	UP21	0
SRR5971700	UT45	0
SRR5971701	UT45	0
SRR5971702	UT39	0
SRR5971703	UT39	0
SRR5971704	UT30	0
SRR5971705	UT04	0
SRR5971706	UT32	0
SRR5971707	UT21	0
SRR5971708	UT04	0
SRR5971709	UP20	0
SRR5971710	UT23	0
SRR5971711	UT23	0
SRR5971712	UP20	0
SRR5971713	UT31	0
SRR5971714	UT31	0
SRR5971715	UP30	0
SRR5971716	UT39	0
SRR5971717	UT43	0
SRR5971718	UT32	0
SRR5971719	UT30	0
SRR5971720	UT30	0
SRR5971721	UT32	0
SRR5971722	UT05	0
SRR5971723	UP21	0
SRR5971724	UT05	0
SRR5971725	UT01	0
SRR5971726	UT31	0
SRR5971727	UP21	0
SRR5971728	UT04	1
SRR5971729	UT39	0
SRR5971730	UT04	0
SRR5971731	UT23	0
SRR5971732	UT51	0
SRR5971733	UP14	0
SRR5971734	UP14	0
SRR5971735	UT05	0
SRR5971736	UT21	0
SRR5971737	UT32	0
SRR5971738	UP20	1
SRR5971739	UT51	0
SRR5971740	UT39	0
SRR5971741	UP37	1
SRR5971742	UT39	0
SRR5971743	UT21	0
SRR5971744	UT30	0
SRR5971745	UP21	1
SRR5971746	UT38	0
SRR5971747	UT30	0
SRR5971748	UT30	0
SRR5971749	UT04	0
SRR5971750	UT32	0
SRR5971751	UT32	0
SRR5971752	UP37	1
SRR5971753	UP01	0
SRR5971754	UT21	0
SRR5971755	UT31	0
SRR5971756	UT51	0
SRR5971757	UP21	0
SRR5971758	UT04	0
SRR5971759	UT30	0
SRR5971760	UP21	0
SRR5971761	UT23	0
SRR5971762	UP21	0
SRR5971764	UT39	0
SRR5971765	UT45	0
SRR5971766	UT29	0
SRR5971767	UT21	0
SRR5971768	UT23	1
SRR5971769	UT51	0
SRR5971770	UT30	0
SRR5971771	UT21	0
SRR5971772	UT21	0
SRR5971773	UP37	0
SRR5971775	UP21	0
SRR5971776	UP20	1
SRR5971777	UT30	0
SRR5971778	UP41	1
SRR5971779	UP41	1
SRR5971780	UT39	0
SRR5971781	UP37	1
SRR5971782	UP30	0
SRR5971783	UP14	0
SRR5971784	UT39	0
SRR5971785	UT39	0
SRR5971787	UT32	0
SRR5971788	UT23	0
SRR5971789	UT04	0
SRR5971790	UP30	0
SRR5971791	UP21	0
SRR5971792	UP37	0
SRR5971793	UT51	0
SRR5971794	UP41	0
SRR5971795	UT30	0
SRR5971796	UT32	0
SRR5971797	UT30	0
SRR5971798	UP41	0
SRR5971799	UP21	0
SRR5971800	UP37	0
SRR5971801	UP37	0
SRR5971802	UT29	0
SRR5971803	UP21	0
SRR5971804	UT52	0
SRR5971805	UT42	1
SRR5971806	UT01	0
SRR5971807	UT04	0
SRR5971808	UT30	0
SRR5971809	UP30	0
SRR5971810	UP20	0
SRR5971811	UT21	0
SRR5971812	UT29	0
SRR5971813	UP21	0
SRR5971814	UT42	0
SRR5971815	UT34	0
SRR5971816	UT35	0
SRR5971817	UT21	0
SRR5971818	UT32	1
SRR5971819	UT04	0
SRR5971820	UT04	0
SRR5971821	UT21	0
SRR5971822	UT45	0
SRR5971823	UT29	0
SRR5971824	UT39	0
SRR5971825	UT46	0
SRR5971826	UT01	0
SRR5971827	UT34	0
SRR5971828	UP11	0
SRR5971829	UT32	0
SRR5971830	UP21	0
SRR5971831	UT39	0
SRR5971832	UT04	0
SRR5971833	UT32	0
SRR5971834	UT45	0
SRR5971835	UT29	0
SRR5971836	UT04	0
SRR5971837	UT53	1
SRR5971839	UP14	0
SRR5971840	UT21	0
SRR5971841	UP41	0
SRR5971842	UT05	0
SRR5971843	UT30	0
SRR5971844	UT39	0
SRR5971845	UT45	0
SRR5971846	UT04	0
SRR5971847	UT39	1
SRR5971848	UT24	0
SRR5971850	UT30	0
SRR5971851	UP20	0
SRR5971852	UT21	0
SRR5971853	UT31	0
SRR5971854	UT32	1
SRR5971855	UT39	0
SRR5971856	UT45	0
SRR5971857	UT01	0
SRR5971858	UT04	0
SRR5971859	UT42	0
SRR5971860	UT35	1
SRR5971862	UT39	0
SRR5971863	UT21	1
SRR5971864	UT05	1
SRR5971865	UP20	0
SRR5971866	UP37	0
SRR5971867	UT29	0
SRR5971868	UT52	0
SRR5971869	UT42	1
SRR5971870	UT53	1
SRR5971871	UT52	1
SRR5971873	UT35	0
SRR5971874	UT12	1
SRR5971875	UT20	0
SRR5971876	UT35	1
SRR5971877	UT52	1
SRR5971878	UT31	1
SRR5971879	UT45	1
SRR5971880	UT46	0
SRR5971881	UT32	0
SRR5971882	UT13	0
SRR5971883	UT12	0
SRR5971884	UT52	1
SRR5971885	UT24	0
SRR5971886	UT46	0
SRR5971887	UT24	0
SRR5971888	UT35	1
SRR5971889	UT29	0
SRR5971890	UT35	0
SRR5971891	UT35	1
SRR5971892	UT01	0
SRR5971893	UT13	1
SRR5971894	UT51	0
SRR5971895	UT46	0
SRR5971896	UT29	0
SRR5971897	UT45	1
SRR5971898	UT13	1
SRR5971899	UT29	0
SRR5971900	UT24	0
SRR5971901	UT34	0
SRR5971902	UT21	1
SRR5971903	UT13	0
SRR5971904	UT35	1
SRR5971905	UT46	0
SRR5971906	UT46	0
SRR5971907	UT24	1
SRR5971908	UT35	0
SRR5971909	UT24	0
SRR5971910	UT24	0
SRR5971911	UT35	0
SRR5971912	UT52	0
SRR5971914	UT35	1
SRR5971915	UT35	0
SRR5971916	UT39	0
SRR5971917	UT32	1
SRR5971918	UP16	0
SRR5971919	UT13	0
SRR5971920	UT53	0
SRR5971921	UT43	0
SRR5971922	UP37	0
SRR5971923	UP05	0
SRR5971924	UT04	0
SRR5971925	UT32	0
SRR5971926	UT52	0
SRR5971927	UT04	1
SRR5971928	UT51	0
SRR5971929	UT52	0
SRR5971930	UT51	1
SRR5971931	UT20	0
SRR5971932	UT32	0
SRR5971933	UT04	1
SRR5971934	UT32	0
SRR5971935	UT04	0
SRR5971936	UP37	0
SRR5971937	UT39	1
SRR5971938	UT32	1
SRR5971939	UT24	0
SRR5971941	UP15	1
SRR5971942	UP15	0
SRR5971943	UP15	0
SRR5971944	UP15	1
SRR5971945	UP15	0
SRR5971946	UP15	0
SRR5971947	UP15	0
SRR5971948	UP15	0
SRR5971949	UP15	0
SRR5971950	UP15	0
SRR5971951	UP15	0
SRR5971952	UP15	1
SRR5971953	UP04	0
SRR5971962	ST26	0
SRR5971963	ST11	0
SRR5971964	ST08	0
SRR5971965	ST23	0
SRR5971966	ST27	0
SRR5971967	ST09	0
SRR5971968	ST09	0
SRR5971969	ST26	0
SRR5971970	ST04	0
SRR5971971	ST30	0
SRR5971972	ST30	0
SRR5971973	ST11	0
SRR5971974	ST11	0
SRR5971975	ST26	0
SRR5971976	ST26	0
SRR5971977	ST30	0
SRR5971978	ST27	0
SRR5971979	ST03	0
SRR5971980	ST30	0
SRR5971981	ST11	0
SRR5971982	ST24	0
SRR5971983	ST29	0
SRR5971984	ST09	0
SRR5971985	ST23	0
SRR5971986	ST24	0
SRR5971987	ST26	0
SRR5971988	ST03	1
SRR5971989	ST09	0
SRR5971990	ST09	0
SRR5971991	ST11	0
SRR5971992	ST27	0
SRR5971993	ST11	1
SRR5971994	ST24	0
SRR5971995	ST11	0
SRR5971996	ST29	0
SRR5971997	ST27	0
SRR5971998	ST23	1
SRR5971999	ST11	1
SRR5972000	ST24	0
SRR5972001	ST13	0
SRR5972002	ST04	0
SRR5972003	ST29	0
SRR5972004	ST08	0
SRR5972005	ST03	0
SRR5972006	ST08	1
SRR5972007	ST25	0
SRR5972008	ST26	0
SRR5972009	ST23	1
SRR5972010	ST30	0
SRR5972011	ST13	0
SRR5972012	ST13	0
SRR5972013	ST27	0
SRR5972014	ST08	0
SRR5972015	ST14	0
SRR5972016	ST22	0
SRR5972018	ST29	0
SRR5972019	ST29	0
SRR5972020	ST27	0
SRR5972021	ST13	0
SRR5972022	ST11	0
SRR5972023	ST08	0
SRR5972024	ST29	0
SRR5972025	ST27	0
SRR5972026	ST24	0
SRR5972027	ST29	0
SRR5972029	ST23	0
SRR5972030	ST26	0
SRR5972031	ST13	0
SRR5972032	ST25	0
SRR5972033	ST09	0
SRR5972034	ST26	0
SRR5972035	ST27	0
SRR5972036	ST30	0
SRR5972038	ST26	0
SRR5972039	ST27	0
SRR5972040	ST16	0
SRR5972041	ST23	0
SRR5972042	ST26	0
SRR5972043	ST19	0
SRR5972044	ST11	0
SRR5972045	ST19	1
SRR5972046	ST24	1
SRR5972047	ST08	0
SRR5972048	ST29	0
SRR5972049	ST29	0
SRR5972050	ST11	0
SRR5972051	ST23	0
SRR5972052	ST22	1
SRR5972053	ST11	0
SRR5972054	ST23	0
SRR5972055	ST13	0
SRR5972056	ST24	0
SRR5972057	ST26	0
SRR5972058	ST08	0
SRR5972059	ST25	0
SRR5972060	ST29	0
SRR5972061	ST29	1
SRR5972062	ST22	0
SRR5972063	ST03	1
SRR5972064	ST24	0
SRR5972065	SP03	1
SRR5972066	ST04	1
SRR5972067	ST13	0
SRR5972069	ST30	0
SRR5972070	ST08	1
SRR5972071	ST24	0
SRR5972072	ST09	0
SRR5972073	ST05	0
SRR5972074	ST24	0
SRR5972076	ST26	0
SRR5972077	ST08	0
SRR5972078	ST09	0
SRR5972079	ST27	0
SRR5972080	ST08	0
SRR5972110	ST26	0
SRR5972111	ST29	0
SRR5972112	ST27	0
SRR5972113	ST29	0
SRR5972114	ST26	0
SRR5972115	ST29	0
SRR5972116	ST29	0
SRR5972117	ST29	0
SRR5972118	ST11	0
SRR5972119	ST11	0
SRR5972120	ST27	0
SRR5972121	ST26	0
SRR5972122	ST29	0
SRR5972123	ST29	0
SRR5972124	ST11	0
SRR5972125	ST11	0
SRR5972127	ST11	1
SRR5972128	ST29	0
SRR5972129	ST26	0
SRR5972131	ST27	1
SRR5972132	ST27	0
SRR5972137	UP38	0
SRR5972138	UP22	0
SRR5972139	UP12	0
SRR5972140	UP26	0
SRR5972141	UP19	0
SRR5972142	UP02	1
SRR5972143	UT40	0
SRR5972144	UT47	0
SRR5972145	UT09	0
SRR5972146	UP39	0
SRR5972147	UP12	0
SRR5972148	UT40	0
SRR5972149	UP02	0
SRR5972150	UT10	0
SRR5972151	UT02	0
SRR5972152	UP27	0
SRR5972153	UT54	0
SRR5972154	UT33	0
SRR5972155	UT47	0
SRR5972156	UT55	0
SRR5972157	UT47	0
SRR5972158	UT06	0
SRR5972159	UT06	0
SRR5972160	UP38	0
SRR5972161	UT06	0
SRR5972162	UP27	0
SRR5972163	UP39	0
SRR5972164	UT47	0
SRR5972165	UT54	1
SRR5972166	UP39	0
SRR5972167	UT26	0
SRR5972168	UT40	0
SRR5972169	UP24	0
SRR5972170	UP12	0
SRR5972171	UP26	0
SRR5972172	UP27	1
SRR5972173	UP22	0
SRR5972174	UT10	0
SRR5972175	UT02	0
SRR5972176	UP35	0
SRR5972177	UT33	0
SRR5972178	UT40	0
SRR5972179	UT06	0
SRR5972180	UT47	0
SRR5972181	UT36	0
SRR5972182	UT10	1
SRR5972183	UT14	0
SRR5972184	UT40	0
SRR5972185	UP38	0
SRR5972186	UT10	0
SRR5972187	UP35	0
SRR5972188	UT54	0
SRR5972189	UT28	0
SRR5972190	UT55	0
SRR5972191	UT55	0
SRR5972192	UT07	0
SRR5972193	UT40	0
SRR5972194	UT09	0
SRR5972195	UP35	0
SRR5972196	UP26	1
SRR5972197	UP39	0
SRR5972198	UT10	0
SRR5972199	UT55	0
SRR5972200	UT10	0
SRR5972201	UP27	0
SRR5972202	UT06	0
SRR5972203	UT47	0
SRR5972204	UT07	0
SRR5972205	UP39	0
SRR5972206	UT47	0
SRR5972207	UP27	1
SRR5972209	UT06	0
SRR5972210	UP27	0
SRR5972211	UT02	0
SRR5972212	UT15	1
SRR5972213	UT10	0
SRR5972214	UT40	0
SRR5972215	UT48	0
SRR5972216	UT27	0
SRR5972217	UT47	0
SRR5972218	UT33	0
SRR5972220	UT41	0
SRR5972221	UP12	0
SRR5972222	UP26	0
SRR5972223	UP22	0
SRR5972224	UT55	0
SRR5972225	UT55	0
SRR5972226	UT08	1
SRR5972227	UT37	0
SRR5972228	UT15	1
SRR5972229	UP26	0
SRR5972230	UT47	0
SRR5972232	UT07	0
SRR5972233	UP19	0
SRR5972234	UT33	0
SRR5972235	UT15	0
SRR5972236	UT02	1
SRR5972237	UT48	0
SRR5972238	UT44	0
SRR5972239	UP19	0
SRR5972240	UT10	0
SRR5972241	UT07	0
SRR5972242	UP39	0
SRR5972243	UT06	0
SRR5972244	UT09	1
SRR5972245	UT15	0
SRR5972246	UT09	0
SRR5972247	UT55	0
SRR5972248	UT14	0
SRR5972249	UT14	0
SRR5972250	UT40	1
SRR5972251	UT48	0
SRR5972252	UT15	0
SRR5972253	UP26	0
SRR5972254	UT40	0
SRR5972255	UT47	0
SRR5972256	UP22	0
SRR5972257	UT28	0
SRR5972258	UP39	0
SRR5972259	UT02	1
SRR5972260	UP25	0
SRR5972261	UT09	0
SRR5972262	UT54	0
SRR5972263	UP39	0
SRR5972264	UT40	0
SRR5972265	UT02	0
SRR5972266	UT15	0
SRR5972267	UT09	1
SRR5972268	UT54	0
SRR5972269	UT43	0
SRR5972270	UT14	0
SRR5972271	UT10	0
SRR5972272	UT02	0
SRR5972273	UT33	0
SRR5972274	UP27	0
SRR5972275	UT16	0
SRR5972276	UT08	0
SRR5972277	UT15	0
SRR5972278	UT54	0
SRR5972279	UT47	1
SRR5972280	UP37	0
SRR5972281	UT54	0
SRR5972282	UT18	0
SRR5972283	UP21	0
SRR5972284	UT10	0
SRR5972285	UP19	0
SRR5972286	UT33	0
SRR5972287	UT15	1
SRR5972288	UT06	0
SRR5972289	UP19	0
SRR5972290	UP39	0
SRR5972291	UT10	0
SRR5972292	UT54	0
SRR5972293	UT37	0
SRR5972294	UT40	0
SRR5972295	UT33	0
SRR5972296	UT22	0
SRR5972298	UP26	0
SRR5972299	UT18	0
SRR5972300	UT02	0
SRR5972301	UT14	0
SRR5972302	UP38	0
SRR5972303	UT08	1
SRR5972304	UT14	0
SRR5972305	UT14	0
SRR5972306	UT07	0
SRR5972307	UT36	1
SRR5972309	UT06	0
SRR5972310	UT02	0
SRR5972311	UT49	0
SRR5972312	UP38	0
SRR5972313	UT02	1
SRR5972314	UP14	1
SRR5972315	UT08	0
SRR5972316	UT09	0
SRR5972317	UT07	0
SRR5972319	UT10	0
SRR5972320	UT15	0
SRR5972321	UT14	0
SRR5972322	UT14	0
SRR5972323	UT33	0
SRR5972324	UT09	0
SRR5972325	UT28	0
SRR5972326	UT16	0
SRR5972327	UT33	0
SRR5972328	UP22	0
SRR5972329	UT15	0
SRR5972330	UP38	0
SRR5972331	UT27	0
SRR5972332	UP27	0
SRR5972333	UT02	0
SRR5972334	UT49	0
SRR5972335	UT49	0
SRR5972336	UP38	0
SRR5972337	UP35	1
SRR5972338	UP39	0
SRR5972339	UT54	0
SRR5972340	UP12	0
SRR5972341	UT27	0
SRR5972342	UP35	0
SRR5972343	UT33	0
SRR5972344	UT47	0
SRR5972345	UT27	0
SRR5972346	UT10	0
SRR5972347	UT14	0
SRR5972348	UT33	0
SRR5972349	UP12	0
SRR5972350	UT14	0
SRR5972351	UP22	0
SRR5972352	UP19	0
SRR5972353	UT09	1
SRR5972354	UP22	0
SRR5972355	UT27	0
SRR5972356	UT40	0
SRR5972357	UT18	0
SRR5972358	UT49	0
SRR5972359	UT54	0
SRR5972360	UT09	0
SRR5972361	UP35	0
SRR5972362	UT40	0
SRR5972363	UT02	0
SRR5972364	UT28	0
SRR5972365	UP22	1
SRR5972366	UP22	0
SRR5972367	UP38	0
SRR5972368	UT26	0
SRR5972369	UP12	0
SRR5972370	UP19	0
SRR5972371	UT16	0
SRR5972372	UP38	0
SRR5972373	UT02	0
SRR5972374	UT14	0
SRR5972375	UT55	0
SRR5972376	UP27	0
SRR5972377	UP22	1
SRR5972378	UT33	0
SRR5972379	UP19	0
SRR5972380	UP39	0
SRR5972381	UT54	0
SRR5972382	UP35	1
SRR5972383	UT50	1
SRR5972384	UT54	0
SRR5972385	UP35	1
SRR5972387	UT14	0
SRR5972388	UP22	0
SRR5972389	UT27	0
SRR5972390	UP25	0
SRR5972391	UT50	1
SRR5972392	UP19	0
SRR5972393	UP22	0
SRR5972394	UT10	0
SRR5972395	UT26	1
SRR5972396	UP39	0
SRR5972398	UP19	0
SRR5972399	UT54	0
SRR5972400	UT02	0
SRR5972401	UP35	0
SRR5972402	UT11	1
SRR5972403	UT08	0
SRR5972404	UT47	1
SRR5972405	UT02	0
SRR5972406	UP35	1
SRR5972407	UP38	0
SRR5972408	UP19	0
SRR5972410	UT26	0
SRR5972411	UT49	0
SRR5972412	UT18	0
SRR5972413	UP39	0
SRR5972414	UP35	0
SRR5972415	UT41	0
SRR5972416	UT18	1
SRR5972417	UT14	0
SRR5972418	UT37	0
SRR5972419	UP27	0
SRR5972420	UP35	0
SRR5972421	UP19	0
SRR5972422	UT06	0
SRR5972423	UP26	0
SRR5972424	UT09	0
SRR5972425	UT54	0
SRR5972426	UT18	0
SRR5972427	UT33	0
SRR5972428	UP19	1
SRR5972429	UT15	0
SRR5972430	UT27	0
SRR5972431	UT09	0
SRR5972432	UT15	0
SRR5972433	UT16	1
SRR5972434	UP35	0
SRR5972435	UP26	0
SRR5972436	UP26	0
SRR5972437	UP35	0
SRR5972438	UT09	0
SRR5972439	UP22	0
SRR5972440	UT15	0
SRR5972441	UP38	1
SRR5972442	UT10	0
SRR5972443	UT09	1
SRR5972444	UT15	0
SRR5972445	UT09	0
SRR5972446	UT33	1
SRR5972447	UP39	1
SRR5972448	UT15	1
SRR5972449	UT09	1
SRR5972450	UP19	0
SRR5972451	UT15	0
SRR5972452	UP35	0
SRR5972453	UT25	0
SRR5972454	UT28	0
SRR5972455	UT54	0
SRR5972456	UP35	0
SRR5972457	UP02	0
SRR5972458	UP35	0
SRR5972459	UT10	0
SRR5972460	UP39	1
SRR5972461	UT33	0
SRR5972462	UT14	0
SRR5972463	UP35	0
SRR5972464	UT18	0
SRR5972465	UT10	0
SRR5972466	UP19	1
SRR5972467	UT33	1
SRR5972468	UT33	0
SRR5972469	UT33	0
SRR5972470	UT18	0
SRR5972471	UT15	1
SRR5972472	UT15	1
SRR5972473	UT14	0
SRR5972474	UT27	0
SRR5972475	UT37	0
SRR5972477	UT10	0
SRR5972478	UP35	0
SRR5972479	UT14	0
SRR5972480	UT18	0
SRR5972481	UT54	1
SRR5972482	UP12	0
SRR5972483	UT28	0
SRR5972484	UP39	0
SRR5972485	UT54	0
SRR5972486	UT02	0
SRR5972488	UT18	0
SRR5972489	UT28	0
SRR5972490	UP27	0
SRR5972491	UT15	1
SRR5972492	UT10	0
SRR5972493	UP19	0
SRR5972494	UT41	0
SRR5972495	UT41	0
SRR5972496	UT14	0
SRR5972497	UT18	0
SRR5972498	UP39	0
SRR5972500	UT17	0
SRR5972501	UT27	0
SRR5972502	UT11	0
SRR5972503	UT03	0
SRR5972504	UT44	0
SRR5972505	UT08	0
SRR5972506	UT25	0
SRR5972507	UT19	0
SRR5972508	UT26	0
SRR5972509	UT07	0
SRR5972510	UT08	0
SRR5972511	UT10	0
SRR5972512	UT28	0
SRR5972513	UT41	0
SRR5972514	UT25	0
SRR5972515	UT11	0
SRR5972516	UT48	0
SRR5972517	UT11	0
SRR5972518	UT48	0
SRR5972519	UT22	0
SRR5972520	UT36	1
SRR5972521	UT48	0
SRR5972522	UT37	0
SRR5972523	UT55	1
SRR5972524	UP26	0
SRR5972525	UT40	0
SRR5972526	UT08	0
SRR5972527	UT17	1
SRR5972528	UT08	0
SRR5972529	UT08	0
SRR5972530	UT22	0
SRR5972531	UT22	0
SRR5972532	UT22	0
SRR5972533	UT55	0
SRR5972534	UT18	0
SRR5972535	UT27	0
SRR5972536	UT08	0
SRR5972537	UT48	0
SRR5972538	UP33	0
SRR5972539	UT08	0
SRR5972540	UT07	0
SRR5972541	UT55	0
SRR5972542	UT11	0
SRR5972543	UT44	0
SRR5972544	UT44	0
SRR5972545	UT18	0
SRR5972546	UT44	0
SRR5972547	UT11	0
SRR5972548	UP24	0
SRR5972549	UT48	0
SRR5972550	UT19	0
SRR5972551	UT40	0
SRR5972552	UT22	0
SRR5972553	UT19	0
SRR5972554	UT17	0
SRR5972555	UT27	0
SRR5972556	UT22	0
SRR5972557	UT44	0
SRR5972558	UT03	0
SRR5972559	UT49	0
SRR5972560	UT16	0
SRR5972561	UT26	0
SRR5972562	UT55	0
SRR5972563	UT16	0
SRR5972564	UT19	0
SRR5972566	UP27	0
SRR5972567	UT50	0
SRR5972568	UT17	0
SRR5972569	UT11	0
SRR5972570	UT17	0
SRR5972571	UT36	0
SRR5972572	UT44	0
SRR5972573	UT07	0
SRR5972574	UT48	0
SRR5972575	UT48	0
SRR5972577	UT09	1
SRR5972578	UT33	0
SRR5972579	UT03	0
SRR5972580	UT44	0
SRR5972581	UT37	1
SRR5972582	UT44	0
SRR5972583	UT22	0
SRR5972584	UT49	1
SRR5972585	UT49	0
SRR5972587	UT49	1
SRR5972588	UT08	0
SRR5972589	UT16	0
SRR5972590	UT55	0
SRR5972591	UT48	0
SRR5972592	UT48	0
SRR5972593	UP24	0
SRR5972594	UT27	0
SRR5972595	UT48	0
SRR5972596	UT48	0
SRR5972597	UT27	0
SRR5972598	UT25	1
SRR5972599	UT50	1
SRR5972600	UT50	1
SRR5972601	UT19	0
SRR5972602	UT03	0
SRR5972603	UT16	0
SRR5972604	UT08	1
SRR5972605	UT47	0
SRR5972606	UT09	0
SRR5972607	UT03	0
SRR5972608	UT03	0
SRR5972609	UT36	1
SRR5972610	UT08	0
SRR5972611	UT44	0
SRR5972612	UT50	0
SRR5972613	UT19	0
SRR5972614	UT44	0
SRR5972615	UP35	1
SRR5972616	UT26	0
SRR5972617	UT07	0
SRR5972618	UT16	0
SRR5972619	UT08	1
SRR5972620	UT07	0
SRR5972621	UT03	0
SRR5972622	UT19	0
SRR5972623	UT55	0
SRR5972624	UT47	0
SRR5972625	UT36	1
SRR5972626	UT03	0
SRR5972627	UT08	0
SRR5972628	UT22	0
SRR5972629	UT12	0
SRR5972630	UT26	0
SRR5972631	UT48	1
SRR5972632	UT19	0
SRR5972633	UT22	0
SRR5972634	UT44	0
SRR5972635	UT16	0
SRR5972636	UT19	0
SRR5972637	UT25	0
SRR5972638	UP24	0
SRR5972639	UT49	0
SRR5972640	UT08	1
SRR5972641	UT38	0
SRR5972642	UT44	0
SRR5972643	UT07	0
SRR5972644	UT49	0
SRR5972645	UT37	0
SRR5972646	UT11	0
SRR5972647	UT19	0
SRR5972648	UT55	0
SRR5972649	UT37	0
SRR5972650	UT11	1
SRR5972651	UT50	0
SRR5972652	UT03	0
SRR5972654	UT27	0
SRR5972655	UT26	0
SRR5972656	UT17	0
SRR5972657	UT19	0
SRR5972658	UP24	0
SRR5972659	UT11	0
SRR5972660	UT17	0
SRR5972661	UT26	0
SRR5972662	UP24	0
SRR5972663	UT19	1
SRR5972664	UT55	0
SRR5972666	UT50	0
SRR5972667	UT17	0
SRR5972668	UT44	0
SRR5972669	UT03	0
SRR5972670	UT50	1
SRR5972671	UT26	0
SRR5972672	UT03	0
SRR5972673	UT16	0
SRR5972674	UT08	0
SRR5972675	UT11	0
SRR5972677	UT11	0
SRR5972678	UT48	0
SRR5972679	UP03	0
SRR5972680	UT53	0
SRR5972681	UT22	0
SRR5972682	UT43	0
SRR5972683	UT22	0
SRR5972684	UT38	0
SRR5972685	UP29	0
SRR5972686	UT19	0
SRR5972687	UT53	0
SRR5972688	UT45	0
SRR5972689	UT05	0
SRR5972690	UT05	0
SRR5972691	UT12	0
SRR5972693	UP03	0
SRR5972694	UP29	0
SRR5972695	UT51	0
SRR5972696	UP33	0
SRR5972698	UT50	1
SRR5972699	UT13	0
SRR5972700	UT43	0
SRR5972701	UT43	0
SRR5972702	UT19	0
SRR5972704	UT03	0
SRR5972705	UT48	0
SRR5972706	UT19	0
SRR5972707	UT51	0
SRR5972709	UT12	0
SRR5972710	UT48	0
SRR5972711	UP33	0
SRR5972712	UP33	0
SRR5972714	UT48	0
SRR5972715	UP29	0
SRR5972716	UP29	0
SRR5972717	UT48	0
SRR5972718	UT08	0
SRR5972720	UT12	0
SRR5972721	UT11	1
SRR5972722	UP31	1
SRR5972723	UT25	0
SRR5972724	UP07	0
SRR5972725	UT11	0
SRR5972726	UT25	0
SRR5972727	UP24	0
SRR5972728	UT42	0
SRR5972729	UT53	0
SRR5972730	UT03	0
SRR5972731	UT12	0
SRR5972732	UT52	1
SRR5972733	UT08	0
SRR5972734	UT20	0
SRR5972735	UP33	0
SRR5972736	UT20	0
SRR5972737	UT53	0
SRR5972738	UT12	0
SRR5972739	UT44	0
SRR5972740	UT34	1
SRR5972742	UT03	0
SRR5972743	UT53	1
SRR5972744	UT53	1
SRR5972745	UT26	0
SRR5972746	UT52	0
SRR5972748	UT23	0
SRR5972749	UT03	1
SRR5972750	UT40	0
SRR5972751	UT53	0
SRR5972752	UT07	0
SRR5972754	UP03	0
SRR5972755	UT22	0
SRR5972756	UP09	0
SRR5972757	UT29	0
SRR5972758	UP05	0
SRR5972760	UT17	0
SRR5972761	UT11	1
SRR5972762	UP25	0
SRR5972763	UT19	0
SRR5972764	UT36	0
P01_A01_1a	1	0
P01_A02_23e	23	0
P01_A02_2c	2	1
P01_A03_4e	4	1
P01_A03_6c	6	0
P01_A04_6a	6	0
P01_A06_9c	9	0
P01_B02_14c	14	0
P01_B08_17a	17	0
P01_B09_18e	18	0
P01_B12_23a	23	0
P01_C01_34a	34	0
P01_C02_2e	2	0
P01_C02_37e	37	0
P01_C03_5a	5	0
P01_C04_6c	6	0
P01_C05_8a	8	1
P01_C06_9e	9	0
P01_D08_17c	17	0
P01_D09_16a	16	0
P01_D11_21a	21	0
P01_E01_37c	37	0
P01_E02_4a	4	0
P01_E04_7a	7	0
P01_E06_10a	10	0
P01_E07_14e	14	1
P01_E10_14a	14	0
P01_F01_42a	42	0
P01_F07_15a	15	0
P01_F08_17e	17	1
P01_F11_21c	21	0
P01_G01_2a	2	0
P01_G02_4c	4	0
P01_G05_9a	9	0
P01_G06_10c	10	0
P01_G08_18a	18	0
P01_G12_3a	3	0
P01_H07_15c	15	0
P01_H08_18c	18	1
P02_A03_26c	26	0
P02_A04_27a	27	0
P02_A08_32c	32	0
P02_A09_41a	41	0
P02_B01_10e	10	0
P02_B04_27c	27	0
P02_B06_43a	43	0
P02_B10_35a	35	0
P02_C03_33a	33	0
P02_C08_32e	32	0
P02_C11_38a	38	0
P02_D01_15e	15	0
P02_D02_23c	23	0
P02_D04_27e	27	0
P02_D07_31c	31	1
P02_D09_6c	6	0
P02_D10_36a	36	0
P02_E04_28a	28	0
P02_E05_30a	30	0
P02_E08_37a	37	0
P02_F07_31e	31	0
P02_F08_39a	39	0
P02_F10_36c	36	1
P02_G01_19a	19	0
P02_G02_26a	26	0
P02_G03_26e	26	0
P02_G04_28e	28	0
P02_H04_29a	29	0
P02_H05_39c	39	0
P02_H07_32a	32	0
P02_H08_40a	40	0
P02_H10_36e	36	0
